metric,value
accuracy,0.855980346998311
precision,0.7397260273972602
recall,0.6198979591836735
dp_gap,0.17697979057446778
eo_gap,0.062282690854119416
