metric,value
accuracy,0.8550591125441425
precision,0.7367223065250379
recall,0.6192602040816326
dp_gap,0.17581923561064003
eo_gap,0.06636432350718069
